School,Average Debt,Earnings,Average Best Value Score,Good Investment
Alabama A & M University,34962.142857142855,37771.42857142857,1.0953719555593187,False
University of Alabama at Birmingham,25585.16,38896.0,1.5702089548979143,True
University of Alabama in Huntsville,25302.333333333332,50266.666666666664,2.0041907144608206,True
Alabama State University,32709.125,25662.5,0.7763729300530495,False
The University of Alabama,22691.95238095238,38711.90476190476,1.6355024358653933,True
Auburn University at Montgomery,27226.444444444445,34366.666666666664,1.3346897872570322,False
Auburn University,21757.071428571428,41280.95238095238,1.9089482027962061,True
Birmingham Southern College,22328.0,32200.0,1.2417090853000154,False
Faulkner University,25737.5,35100.0,1.728551724137931,True
Huntingdon College,24586.333333333332,32366.666666666668,1.2915624096783516,False
Jacksonville State University,26855.0,31478.947368421053,1.2672482869029027,False
University of West Alabama,25232.0,33400.0,1.4847743943098466,False
University of Mobile,29104.0,36300.0,1.3081081081081078,False
University of Montevallo,26585.25,27725.0,1.0944641189586317,False
University of North Alabama,24159.0,30000.0,1.2877556347484096,False
Samford University,19800.75,40300.0,1.8379633766253876,True
University of South Alabama,27653.76,36928.0,1.4281565927093114,False
Troy University,27578.772727272728,31336.363636363636,1.15707143478979,False
Tuskegee University,32547.7,46480.0,1.4599385567943142,False
University of Alaska Fairbanks,22719.0,38820.0,2.0348716720978848,True
Arizona State University-Tempe,21857.49315068493,41004.109589041094,1.9457370427966447,True
Embry-Riddle Aeronautical University-Prescott,25038.4,51340.0,2.0054007488894983,True
University of Arkansas at Little Rock,23991.0,34930.769230769234,1.562470962504797,True
University of Arkansas,21389.772727272728,40118.181818181816,1.8749208985689534,True
University of Arkansas at Pine Bluff,27229.0,25028.571428571428,0.9466587412473155,False
Arkansas State University-Main Campus,23483.521739130436,32691.304347826088,1.5037677559835023,True
University of Central Arkansas,22748.583333333332,32687.5,1.5335097424777766,True
Harding University,26006.714285714286,37664.28571428572,1.4285194000229064,False
Henderson State University,21446.5,29700.0,1.315115826476133,False
Hendrix College,24482.0,19000.0,0.7037037037037037,False
John Brown University,21261.2,36440.0,1.6602963130904833,True
Ouachita Baptist University,21176.666666666668,29166.666666666668,1.2739403345950597,False
Southern Arkansas University Main Campus,19490.5,36925.0,2.1691865097975924,True
Azusa Pacific University,23736.05,34070.0,1.420134761783435,False
Biola University,24111.214285714286,30421.428571428572,1.178738914869696,False
California Baptist University,27719.85714285714,38666.666666666664,1.436496526685831,False
California Lutheran University,21702.11111111111,36977.77777777778,1.6826540061684427,True
California Polytechnic State University-San Luis Obispo,18601.853658536584,49165.85365853659,2.664554772247907,True
California State University-San Bernardino,18462.46875,30534.375,1.836749537237826,True
California State Polytechnic University-Pomona,20533.775,40977.5,2.044500813874511,True
California State University-Chico,18008.45238095238,37280.95238095238,2.134332427962257,True
California State University-Fresno,17529.76923076923,33938.46153846154,2.33403075820968,True
California State University-Fullerton,17681.0,36122.857142857145,2.2165066148063453,True
California State University-Long Beach,17761.272727272728,35889.09090909091,2.221601727027925,True
California State University-Los Angeles,16256.777777777777,33874.07407407407,2.471012977547493,True
California State University-Northridge,16976.88888888889,36948.88888888889,2.428901389101052,True
California State University-Sacramento,18307.775,38472.5,2.256299380949293,True
University of California-Berkeley,14848.179487179486,46797.4358974359,3.3184655845529747,True
University of California-Davis,14551.145454545454,36650.90909090909,2.619293880316261,True
University of California-Irvine,17625.075,38447.5,2.234204876602017,True
University of California-Los Angeles,16627.113636363636,39281.818181818184,2.4258647859863802,True
University of California-Riverside,19267.02857142857,29114.285714285714,1.469014458772819,False
University of California-San Diego,18104.17948717949,37828.205128205125,2.0738312875611498,True
University of California-Santa Barbara,17567.121212121212,37727.27272727273,2.183987614907355,True
University of California-Santa Cruz,19602.5,34043.333333333336,1.7208469764982373,True
Chapman University,20997.157894736843,33042.10526315789,1.5615551523791462,True
Concordia University-Irvine,22025.4,40520.0,1.8593749605935979,True
Claremont McKenna College,15526.0,82400.0,5.269889997441801,True
Dominican University of California,28781.0,69000.0,2.3371076668614665,True
Fresno Pacific University,22595.25,36525.0,1.5565970762320709,True
Harvey Mudd College,20669.5,101000.0,4.34281277652737,True
Holy Names University,42872.0,89400.0,2.054558407832142,True
Humboldt State University,19871.478260869564,25204.347826086956,1.3260436331624974,False
Life Pacific College,23543.5,23050.0,1.0525167086177236,False
University of La Verne,26850.0,32450.0,1.2129761169541557,False
La Sierra University,34214.0,28600.0,0.9055504543583572,False
The Master's University and Seminary,20011.333333333332,29200.0,1.3887212445367858,False
Loyola Marymount University,20447.3125,36600.0,1.6921990180507749,True
Menlo College,22041.666666666668,48900.0,2.1157915688338327,True
Mount Saint Mary's University,29623.0,43400.0,1.5579184805804525,True
Notre Dame de Namur University,25866.333333333332,39400.0,1.6022676693138427,True
Occidental College,19974.125,31375.0,1.4371258147217372,False
Hope International University,26790.0,34400.0,1.2910005254071906,False
Pacific Union College,32179.0,89700.0,2.893548387096774,True
University of the Pacific,20921.3,51120.0,2.6345818983348432,True
Pepperdine University,23361.333333333332,41744.444444444445,1.6916589621978781,True
Point Loma Nazarene University,21977.125,34500.0,1.4496791780708536,False
University of Redlands,26088.909090909092,33581.818181818184,1.2207012944563862,False
San Diego State University,17261.024390243903,36800.0,2.303585456770084,True
University of San Diego,22352.235294117647,39658.82352941176,1.6651661056937852,True
San Francisco State University,18504.1,36434.0,2.104919190021713,True
University of San Francisco,22406.470588235294,43335.294117647056,1.8329024205976963,True
William Jessup University,22045.666666666668,35866.666666666664,1.6360753428452413,True
San Jose State University,17637.076923076922,45597.4358974359,2.8657571992754565,True
Santa Clara University,19004.0,53271.42857142857,2.5868237287194176,True
Simpson University,20106.75,44450.0,2.114851776293274,True
Saint Mary's College of California,22544.125,39000.0,1.574339610490615,True
Sonoma State University,19046.61111111111,37672.22222222222,2.142025100424444,True
Vanguard University of Southern California,22513.625,36475.0,1.6020829151313825,True
University of Southern California,18524.146341463416,47082.92682926829,2.462549428607751,True
Thomas Aquinas College,17781.0,27100.0,1.5055555555555555,True
Westmont College,20637.0,32666.666666666668,1.5339442258137097,True
Whittier College,22139.625,24800.0,1.0292608042277538,False
Woodbury University,34493.333333333336,40966.666666666664,1.1859720206461029,False
Adams State University,23437.666666666668,39133.333333333336,1.6874450092182567,True
University of Colorado Denver/Anschutz Medical Campus,23151.30769230769,37784.61538461538,1.7441795862420935,True
University of Colorado Colorado Springs,23114.88888888889,36416.666666666664,1.6579756317622945,True
University of Colorado Boulder,19135.973684210527,37876.31578947369,1.9335395783477596,True
Colorado School of Mines,22434.916666666668,62775.0,2.6702505421122034,True
Colorado State University-Fort Collins,21234.744680851065,36278.72340425532,1.6529515633746479,True
University of Denver,21462.466666666667,37746.666666666664,1.704409756167423,True
Fort Lewis College,19723.0,27616.666666666668,1.4055038001307338,False
Colorado Mesa University,25642.14285714286,35021.42857142857,1.4196448170686902,False
Metropolitan State University of Denver,26040.595238095237,36971.42857142857,1.5091570133388343,True
University of Northern Colorado,21254.89285714286,30975.0,1.4645470058931076,False
Regis University,26857.416666666668,44591.666666666664,1.7638254840590097,True
Colorado State University-Pueblo,21356.69230769231,35069.230769230766,1.7170614128801203,True
Western State Colorado University,21562.571428571428,25942.85714285714,1.1390214367417326,False
Albertus Magnus College,30738.8,35620.0,1.1796991033009425,False
University of Bridgeport,27817.0,35737.5,1.3319406364158322,False
Central Connecticut State University,23226.379310344826,43051.724137931036,1.901017283782968,True
University of Connecticut,21634.88888888889,41133.333333333336,1.8511883787537673,True
University of Hartford,24406.9,36230.0,1.422673472235258,False
University of New Haven,25296.916666666668,38883.333333333336,1.4946721695057779,False
Quinnipiac University,23019.714285714286,43292.857142857145,1.748708564719422,True
University of Saint Joseph,30323.0,68600.0,2.4945454545454546,True
Southern Connecticut State University,24239.222222222223,35138.88888888889,1.475620089532982,False
Trinity College,19178.5,50600.0,2.4568145978824063,True
Yale University,14384.6,51120.0,3.924757861560134,True
Delaware State University,30617.9,33050.0,1.1303174279621069,False
University of Delaware,21620.516129032258,44138.709677419356,1.8202716869694295,True
American University,22039.63157894737,37715.78947368421,1.559900420884838,True
Gallaudet University,17509.0,39600.0,2.3294117647058825,True
George Washington University,22139.5,45555.0,1.9568117104293126,True
Georgetown University,14446.0625,58850.0,3.8977961651973163,True
Howard University,26686.458333333332,38958.333333333336,1.4628757432132005,False
The Baptist College of Florida,20337.0,27300.0,1.5018980029707871,True
Barry University,31174.11111111111,40933.333333333336,1.3355425441490951,False
Johnson University Florida,25828.0,24533.333333333332,0.9449596520537273,False
University of Central Florida,19759.5,34892.10526315789,1.845258765919577,True
Eckerd College,22198.75,27925.0,1.1259677042486387,False
Embry-Riddle Aeronautical University-Daytona Beach,25543.85714285714,50757.142857142855,1.9555606951662483,True
Florida Agricultural and Mechanical University,28609.166666666668,33844.444444444445,1.2136782591004522,False
Florida Atlantic University,20168.780487804877,36934.14634146341,1.983577481716499,True
Flagler College-St Augustine,22279.11111111111,30255.555555555555,1.4432516547572545,False
AdventHealth University,25575.666666666668,50166.666666666664,2.0024254419229504,True
Florida Institute of Technology,25394.25,46775.0,1.7543012095855226,True
Florida International University,20410.15,37095.0,2.0189078999326084,True
Florida Southern College,23214.0,35457.142857142855,1.5320343528831581,True
Florida State University,20757.618181818183,36803.63636363636,1.7762853618553038,True
University of Florida,17826.354838709678,38051.6129032258,2.196421184659295,True
Jacksonville University,24183.0,43700.0,1.844302970569359,True
University of Miami,18159.916666666668,38750.0,2.0692600539334634,True
University of North Florida,18776.433333333334,37923.333333333336,2.230883856312268,True
Nova Southeastern University,25290.625,33525.0,1.4464194388993188,False
Palm Beach Atlantic University,23376.428571428572,34000.0,1.4982388927470196,False
Saint Leo University,28345.5,36794.444444444445,1.3429487794290857,False
University of South Florida-Main Campus,20626.0,36074.0,1.8728452424586979,True
St. Thomas University,19558.0,40000.0,2.356128880249749,True
Southeastern University,23020.5,29150.0,1.3271537520007533,False
The University of Tampa,23604.466666666667,35513.333333333336,1.4246727180604295,False
Warner University,27003.666666666668,33533.333333333336,1.4017819860161416,False
Webber International University,27976.0,25600.0,0.8904347826086957,False
The University of West Florida,20764.48,32044.0,1.6741101960818014,True
Abraham Baldwin Agricultural College,19924.4,30620.0,1.6199532453390382,True
Point University,33520.0,29800.0,0.9251368851122121,False
Clark Atlanta University,31519.0,24760.0,0.810481118295252,False
Berry College,21226.625,32700.0,1.436816638871419,False
Brenau University,34255.0,59300.0,1.6704225352112676,True
College of Coastal Georgia,20122.0,32320.0,1.8409021922065398,True
Columbus State University,28926.63157894737,31242.105263157893,1.1379417710489812,False
Covenant College,23355.0,32100.0,1.2113207547169809,False
Emmanuel College,25733.8,38160.0,1.4133333333333336,False
Emory University,19308.764705882353,41394.117647058825,2.0302760707038687,True
Fort Valley State University,38164.333333333336,23066.666666666668,0.5762562878636467,False
Georgia Institute of Technology-Main Campus,23298.166666666668,60744.444444444445,2.5108634256715923,True
Georgia Southwestern State University,22040.5,36750.0,1.844775414956341,True
Georgia College & State University,21956.6,36433.333333333336,1.6079276860452305,True
Georgia Southern University,25133.697674418603,36186.04651162791,1.514183015921228,True
Georgia State University,25150.871794871793,35956.41025641026,1.4845141213422521,False
University of Georgia,19495.01886792453,35379.24528301887,1.8166562323973827,True
Gordon State College,24378.6,35540.0,1.6268784546518014,True
LaGrange College,21105.0,57400.0,2.6407802723592195,True
Life University,22411.0,24500.0,1.3008389083572265,False
Mercer University,29021.444444444445,42444.444444444445,1.5149634214275698,True
Morehouse College,25243.666666666668,43066.666666666664,1.7870317513824092,True
Oglethorpe University,27040.0,33500.0,1.2284603561457579,False
Piedmont College,26549.75,37975.0,1.4902371677569408,False
Savannah College of Art and Design,25644.7,25390.0,0.9504430185286772,False
Savannah State University,35117.6,28090.0,0.8520080343692162,False
Shorter University,29205.333333333332,36233.333333333336,1.3074070657112928,False
Spelman College,26137.666666666668,32300.0,1.2336679794276713,False
Truett McConnell University,24186.5,42550.0,1.7598485727652196,True
Valdosta State University,27344.45,29980.0,1.1356208277347961,False
Wesleyan College,21519.0,57300.0,2.4454782126243013,True
University of West Georgia,26528.454545454544,33331.818181818184,1.2653092066956768,False
Chaminade University of Honolulu,24693.8,39260.0,1.570958087764684,True
University of Hawaii at Hilo,21009.5,29230.0,1.4462409554079876,False
University of Hawaii at Manoa,20397.475,37800.0,1.9296885082611823,True
Hawaii Pacific University,23961.0,37400.0,1.524793931736225,True
University of Hawaii-West Oahu,16813.0,37420.0,2.6718360429256527,True
Boise State University,25634.342857142856,37294.28571428572,1.554650159330079,True
University of Idaho,24364.8125,35228.125,1.4712175624897839,False
Lewis-Clark State College,23400.7,33890.0,1.7325812109066185,True
Northwest Nazarene University,26166.666666666668,44133.333333333336,1.7396714237736877,True
Brigham Young University-Idaho,14940.59375,35387.5,2.829133684142511,True
School of the Art Institute of Chicago,26172.0,20000.0,0.7407407407407407,False
Aurora University,22577.0,36400.0,1.605701527811463,True
Bradley University,23989.272727272728,44677.27272727273,1.6824597166653141,True
Chicago State University,35859.142857142855,32928.57142857143,0.8612148541831982,False
University of Chicago,17484.454545454544,48672.72727272727,2.702279256801802,True
Concordia University-Chicago,22536.5,35050.0,1.5427742074318738,True
Eastern Illinois University,23216.894736842107,34036.84210526316,1.4796856633821416,False
Elmhurst College,22076.428571428572,38414.28571428572,1.7342449809426792,True
Eureka College,22425.0,31550.0,1.4625010595914216,False
Governors State University,20425.46153846154,37200.0,2.012635362684114,True
Greenville University,12164.0,28300.0,2.8780636631750234,True
University of Illinois at Chicago,19687.0,39392.68292682927,2.1335643936709245,True
Benedictine University,24694.85714285714,43885.71428571428,2.0238950180818303,True
University of Illinois at Urbana-Champaign,19796.964912280702,45189.47368421053,2.2128082937710984,True
Illinois Wesleyan University,25033.333333333332,38633.333333333336,1.4442564906283841,False
Illinois Institute of Technology,25362.88888888889,60600.0,2.3383573599761336,True
Illinois State University,21684.441860465115,40160.46511627907,1.83594732728544,True
Judson University,22611.0,40350.0,1.704306834905542,True
Lewis University,24321.333333333332,43583.333333333336,1.8514151786014788,True
Lincoln College,18326.0,48100.0,3.5401486715242516,True
Loyola University Chicago,23245.47619047619,39695.23809523809,1.6027200152700627,True
MacMurray College,25744.75,35700.0,1.4964815613316085,False
McKendree University,23868.88888888889,39088.88888888889,1.6477782008603954,True
Methodist College,34793.0,56100.0,1.5588962680968128,True
Millikin University,24656.444444444445,33377.77777777778,1.321991933688443,False
Monmouth College,25410.25,31200.0,1.215050925925926,False
North Central College,22924.53846153846,35330.769230769234,1.4934373453695133,False
North Park University,25168.714285714286,34142.857142857145,1.3613480356152685,False
Northern Illinois University,24622.552631578947,38286.84210526316,1.5998953165780083,True
Northwestern University,15123.90909090909,50050.0,3.3629531532320054,True
Northeastern Illinois University,17665.4,36435.0,2.427387187071036,True
Olivet Nazarene University,24987.916666666668,35150.0,1.3978673166881268,False
Quincy University,12227.0,54600.0,4.55,True
Rockford University,23840.333333333332,40766.666666666664,1.5224655573141692,True
Roosevelt University,24474.4375,35306.25,1.5072549227953183,True
Dominican University,24494.0,34527.27272727273,1.3952240269437044,False
University of St Francis,23879.25,53600.0,2.2422947667041453,True
Saint Xavier University,24812.076923076922,37453.846153846156,1.4818646397589166,False
University of Illinois at Springfield,20620.0,37062.5,1.87016731835087,True
Southern Illinois University-Carbondale,23252.74418604651,35841.86046511628,1.6851530341957661,True
Southern Illinois University-Edwardsville,23079.11111111111,37559.25925925926,1.7029648667839243,True
Trinity Christian College,28124.5,50200.0,1.8592592592592594,True
Trinity International University-Illinois,31597.333333333332,32066.666666666668,1.086520082292941,False
VanderCook College of Music,31492.0,34400.0,1.1913419913419914,False
Western Illinois University,26645.4375,33725.0,1.3180977143288033,False
Wheaton College,21304.625,30512.5,1.3619010541417107,False
Anderson University,27504.9375,35325.0,1.2843918296393408,False
Ball State University,23196.575,35332.5,1.4312645278268163,False
Bethel College-Indiana,27756.666666666668,41466.666666666664,1.574361050434393,True
Butler University,14830.0,32200.0,2.6833333333333336,True
DePauw University,22365.666666666668,43233.333333333336,1.7017622337407345,True
University of Evansville,26334.0,54400.0,2.0148148148148146,True
Goshen College,20090.0,53000.0,2.6962405250038155,True
Grace College and Theological Seminary,21072.714285714286,28128.571428571428,1.4138093086810428,False
Hanover College,24215.0,34033.333333333336,1.2612659876016343,False
Holy Cross College,21805.0,37800.0,1.591578947368421,True
Huntington University,24890.0,48400.0,1.7925925925925923,True
Purdue University Fort Wayne,25530.6,37113.333333333336,1.4850359741126313,False
Indiana University-Purdue University-Indianapolis,24565.341463414636,41017.07317073171,1.7679985199473192,True
University of Indianapolis,26518.6,33420.0,1.2752181006688867,False
Indiana Institute of Technology,30463.333333333332,36700.0,1.347535095300837,False
University of Southern Indiana,21414.68,36908.0,1.6558989097085208,True
Indiana State University,24127.714285714286,36660.71428571428,1.5211674186443178,True
Indiana University-Kokomo,21402.85714285714,34600.0,1.8016108666846993,True
Indiana University-South Bend,24799.5,37330.0,1.5422893179542028,True
Indiana University-Bloomington,20067.073170731706,34314.634146341465,1.6079140009829282,True
Indiana University-Northwest,26333.6,36250.0,1.4267699441137256,False
Indiana University-Southeast,21367.555555555555,34444.444444444445,1.8195382309341268,True
Indiana University-East,20635.625,34700.0,1.7710192669755722,True
Marian University,27361.2,41420.0,1.553807009923954,True
Indiana Wesleyan University-Marion,26539.235294117647,38247.05882352941,1.50059031731049,True
University of Notre Dame,17974.72,52212.0,2.740613948571164,True
Oakland City University,22747.0,38250.0,1.669280453543767,True
Rose-Hulman Institute of Technology,23287.285714285714,77157.14285714286,2.9272981146257933,True
University of Saint Francis-Fort Wayne,25649.75,39425.0,1.471835942878042,False
Saint Mary-of-the-Woods College,21935.5,29800.0,1.59110239136547,True
Saint Mary's College,23388.75,42825.0,1.6181330651918888,True
Taylor University,21479.0,39960.0,1.737149864386295,True
Trine University,22219.555555555555,43577.77777777778,2.0434322049842226,True
Valparaiso University,25157.9375,39900.0,1.4927033653453343,False
Wabash College,25353.333333333332,37633.333333333336,1.4180143066087707,False
Buena Vista University,23188.222222222223,35155.555555555555,1.4997832077150806,False
Central College,26263.2,33840.0,1.2748124723664294,False
Clarke University,27046.333333333332,40400.0,1.5055809445844008,True
Coe College,24740.166666666668,36800.0,1.393922386190404,False
Dordt College,19637.666666666668,48233.333333333336,2.37894409639687,True
Drake University,21716.076923076922,39492.307692307695,1.772340566011829,True
University of Dubuque,24545.0,39712.5,1.6801864485030615,True
Graceland University-Lamoni,21060.333333333332,41533.333333333336,2.0742775506988234,True
Grand View University,22978.46153846154,38207.692307692305,1.695674228736282,True
Grinnell College,14272.666666666666,27216.666666666668,1.969428063891061,True
Iowa State University,22836.80701754386,43128.070175438595,1.8325672555260335,True
University of Iowa,22002.095238095237,39538.09523809524,1.704662545623579,True
Loras College,24359.333333333332,37900.0,1.4384130666922716,False
Luther College,24349.066666666666,35580.0,1.336619682012027,False
Mercy College of Health Sciences,21495.0,54600.0,2.8,True
Morningside College,26167.0,39840.0,1.4823873015873015,False
Mount Mercy University,23360.0,43844.444444444445,1.9406019501675331,True
University of Northern Iowa,20395.354838709678,37783.87096774193,1.876998722962404,True
Saint Ambrose University,24159.0,38500.0,1.4814423183874377,False
Simpson College,25644.0,40450.0,1.5467303337910947,True
Upper Iowa University,25198.727272727272,38945.454545454544,1.6334433614474506,True
Waldorf University,18377.0,70100.0,4.145721213554912,True
Wartburg College,25256.333333333332,35200.0,1.3083391567668299,False
William Penn University,31342.0,54800.0,1.9307331853574323,True
Baker University,23427.4,42680.0,1.841944578054542,True
Benedictine College,24185.833333333332,37383.333333333336,1.4537181772838759,False
Bethany College,28097.0,24900.0,0.9222222222222224,False
Central Christian College of Kansas,27317.333333333332,38833.333333333336,1.6766410867067065,True
Emporia State University,21674.14285714286,33685.71428571428,1.6428522604317088,True
Friends University,28769.666666666668,43633.333333333336,1.5567305782283707,True
University of Kansas,22093.2,41563.333333333336,1.8730467140494105,True
Newman University,20642.5,42000.0,2.0616091954022986,True
MidAmerica Nazarene University,17563.5,53000.0,3.377168253968254,True
Pittsburg State University,21875.166666666668,38661.11111111111,1.7854917061268611,True
University of Saint Mary,21006.0,60000.0,2.7906976744186047,True
Southwestern College,28102.5,41450.0,1.5555041961709941,True
Sterling College,25219.0,28800.0,1.1878247958426131,False
Wichita State University,24457.51851851852,38766.666666666664,1.6438793097248112,True
Asbury University,23469.0,24300.0,1.0106156168671798,False
Bellarmine University,23652.4,37240.0,1.444501897543407,False
Berea College,6262.0,25800.0,6.365597128279112,True
Brescia University,31665.0,32200.0,0.9140715928123314,False
Campbellsville University,20769.333333333332,29366.666666666668,1.423894286378751,False
Centre College,24042.0,45200.0,1.674074074074074,True
University of the Cumberlands,17303.5,31500.0,1.8855354934492468,True
Eastern Kentucky University,24917.222222222223,33655.555555555555,1.3638537722966315,False
Georgetown College,26201.333333333332,25166.666666666668,0.9320987654320988,False
Kentucky State University,30837.75,33475.0,1.0936254754694232,False
University of Kentucky,22402.91304347826,36356.52173913043,1.5869737648792355,True
Kentucky Christian University,24226.0,47500.0,2.136196319018405,True
University of Louisville,21407.931034482757,40241.379310344826,1.8946936170698607,True
Midway University,25501.75,43050.0,1.6879831430547194,True
Morehead State University,24852.130434782608,31965.217391304348,1.3563771008082501,False
Murray State University,22665.85,35435.0,1.6198933149737318,True
Northern Kentucky University,25734.10714285714,37439.28571428572,1.500866231272665,True
University of Pikeville,24636.5,24625.0,0.9354239683205466,False
Spalding University,23953.666666666668,38833.333333333336,1.5883448198028522,True
Thomas More College,27669.0,50600.0,1.9442223866482742,True
Union College,22613.375,43612.5,1.7411921754655666,True
Western Kentucky University,24958.891891891893,33997.2972972973,1.4328351697584503,False
Dillard University,36145.333333333336,34100.0,0.9180971791463595,False
Louisiana State University-Alexandria,23087.0,30366.666666666668,1.3241137484086491,False
Louisiana State University and Agricultural & Mechanical College,20710.25581395349,38383.72093023256,1.8229993571662393,True
Louisiana State University-Shreveport,24653.0,31142.85714285714,1.2768017380890786,False
Louisiana College,25347.0,47750.0,2.0636446154426387,True
Louisiana Tech University,20519.5,39383.333333333336,1.9941444602136924,True
Loyola University New Orleans,22298.0,15200.0,0.6125821142143232,False
McNeese State University,22423.285714285714,35742.857142857145,1.729638297159649,True
University of New Orleans,19880.0625,33712.5,1.9034443612821934,True
Nicholls State University,23831.416666666668,33166.666666666664,1.5345488255254949,True
University of Louisiana at Monroe,20868.0,43900.0,2.5453825959524017,True
Northwestern State University of Louisiana,23110.466666666667,32980.0,1.4436096367328106,False
University of Holy Cross,34142.0,60900.0,1.8234078864636665,True
Franciscan Missionaries of Our Lady University,25769.0,59400.0,2.376,True
Southeastern Louisiana University,22055.652173913044,34747.82608695652,1.610031029142886,True
Southern University and A & M College,32206.11111111111,30611.11111111111,0.9735362102095161,False
Southern University at New Orleans,27081.0,24900.0,0.996,False
University of Louisiana at Lafayette,23120.896551724138,35444.8275862069,1.6144789950513614,True
Tulane University of Louisiana,22451.6,35400.0,1.4959059572338922,False
Xavier University of Louisiana,28666.0,22533.333333333332,0.7979339268360771,False
Colby College,17294.75,39975.0,2.268074705134082,True
University of Maine at Fort Kent,19792.0,58100.0,2.8341463414634145,True
University of Maine,24420.63157894737,41400.0,1.5905169673980695,True
Maine Maritime Academy,25937.25,74825.0,2.7712962962962964,True
University of New England,24999.285714285714,35200.0,1.3037037037037038,False
University of Southern Maine,22941.153846153848,37976.92307692308,1.6773596874402381,True
University of Baltimore,23368.5,36350.0,1.6310983590053358,True
Bowie State University,25001.375,40175.0,1.658615943197323,True
Coppin State University,24291.75,41775.0,1.7649843762531066,True
Frostburg State University,20564.0,37528.57142857143,2.4024933310982886,True
Johns Hopkins University,15528.533333333333,52980.0,3.3316090474762023,True
University of Maryland-Baltimore County,21744.333333333332,40119.04761904762,1.817286190198352,True
University of Maryland-College Park,19307.9375,45345.833333333336,2.2813365168214266,True
Maryland Institute College of Art,22582.666666666668,20200.0,0.7858503744346409,False
University of Maryland Eastern Shore,27402.875,27450.0,1.0023911723430683,False
Morgan State University,31831.764705882353,36647.05882352941,1.1880698000225423,False
Mount St. Mary's University,21748.5,39800.0,1.5397314169893621,True
Notre Dame of Maryland University,25398.333333333332,44400.0,1.8702795906769545,True
St. Mary's College of Maryland,19726.428571428572,34642.857142857145,1.6729507011153693,True
St. John's College,26705.0,21500.0,0.7962962962962963,False
Towson University,19250.72972972973,37383.78378378379,1.9729528783998418,True
Stevenson University,27203.733333333334,37986.666666666664,1.4161489049978555,False
McDaniel College,25032.14285714286,30357.14285714286,1.1485778744661996,False
American International College,30123.5,50750.0,1.7065729761381934,True
Amherst College,16104.5,59650.0,3.85224358974359,True
Babson College,21952.0,57900.0,2.490322580645161,True
Bay Path University,25359.0,35866.666666666664,1.5315108139564861,True
Becker College,28002.666666666668,34833.333333333336,1.2353263897816402,False
Bentley University,22505.7,58220.0,2.3281288351604874,True
Boston College,15053.454545454546,51381.818181818184,3.1674304353822307,True
Boston University,23059.324324324323,41100.0,1.5921291628269807,True
Brandeis University,23236.14285714286,41228.57142857143,1.6068304823900743,True
Bridgewater State University,24058.52380952381,35633.333333333336,1.4251446996401609,False
Curry College,25099.285714285714,36357.142857142855,1.3876581196581197,False
Dean College,25142.0,26733.333333333332,1.007929160995432,False
Eastern Nazarene College,20167.0,37550.0,1.922705314009662,True
Emerson College,21808.375,30337.5,1.2870680581297425,False
Fitchburg State University,22787.363636363636,36863.63636363636,1.5216477254513883,True
Framingham State University,23076.8,32550.0,1.2871845930631634,False
Gordon College,24635.428571428572,32185.714285714286,1.2436691556240838,False
Harvard University,18263.0,52000.0,3.466666666666667,True
Lasell College,26182.625,35500.0,1.3155424390288792,False
Lesley University,22420.714285714286,29042.85714285714,1.2464725452122816,False
University of Massachusetts-Lowell,25482.764705882353,46600.0,1.79560850459317,True
University of Massachusetts-Amherst,22242.816326530614,40942.857142857145,1.6966700350511124,True
University of Massachusetts-Boston,23277.454545454544,37490.90909090909,1.6814743649538193,True
MCPHS University,26177.333333333332,48383.333333333336,1.777925279839316,True
Massachusetts Institute of Technology,13894.444444444445,84622.22222222222,7.053438811660062,True
Massachusetts Maritime Academy,23891.0,60666.666666666664,2.2914804863471283,True
Mount Holyoke College,18181.714285714286,30814.285714285714,1.6380573707575032,True
Massachusetts College of Liberal Arts,23270.25,32300.0,1.3406520715403707,False
Northeastern University,24378.4375,52318.75,1.9740716029098881,True
College of Our Lady of the Elms,25789.5,52350.0,2.0134690265486723,True
Salem State University,24734.266666666666,34253.333333333336,1.3637059096828026,False
Simmons University,23595.0,47966.666666666664,1.9092650126750612,True
Springfield College,24409.0,33400.0,1.3731849473925704,False
University of Massachusetts-Dartmouth,25557.5625,44400.0,1.6955320912095153,True
Suffolk University,25133.6,39060.0,1.469461287200846,False
Tufts University,15967.07142857143,47692.857142857145,2.8377080299975646,True
Wellesley College,10328.0,47828.57142857143,5.587902006602934,True
Wentworth Institute of Technology,25252.30769230769,62576.92307692308,2.3291942516871806,True
Westfield State University,21648.4,33845.0,1.429084996926793,False
Williams College,12994.5,48230.0,3.780411874999712,True
Adrian College,27865.0,33080.0,1.2322475900558092,False
Albion College,25632.5,28450.0,1.0537037037037036,False
Alma College,24637.0,34000.0,1.2952380952380953,False
Aquinas College,23638.375,28962.5,1.1478622305110313,False
Calvin College,22633.30769230769,38907.692307692305,1.542995403215277,True
Central Michigan University,28244.82978723404,36063.82978723404,1.2834998982623533,False
Cleary University,28764.0,60000.0,2.255639097744361,True
Concordia University-Ann Arbor,27006.166666666668,38633.333333333336,1.4421775506171286,False
College for Creative Studies,27541.5,26275.0,0.9995202456342354,False
University of Detroit Mercy,21838.25,48150.0,2.3198008841627336,True
Eastern Michigan University,27123.72972972973,36767.56756756757,1.4818865355363984,False
Ferris State University,25008.59375,42081.25,1.7304695356669144,True
Kettering University,24666.5,75600.0,2.782920960476172,True
Cornerstone University,26111.0,35466.666666666664,1.3466111598651187,False
Grand Valley State University,25186.08510638298,36910.63829787234,1.4520624949230563,False
Hope College,24064.615384615383,37607.692307692305,1.426831798164834,False
Kalamazoo College,21381.6,26520.0,1.1261867049697438,False
Lake Superior State University,22376.666666666668,38466.666666666664,1.686890313022733,True
Lawrence Technological University,28314.5,61050.0,2.09579945799458,True
Madonna University,27252.5,47100.0,1.890099189523291,True
Rochester College,26095.5,38400.0,1.4667945805996727,False
University of Michigan-Ann Arbor,16145.862745098038,45400.0,2.7968309710809907,True
Michigan State University,24916.594202898552,40594.20289855073,1.598393794438468,True
Michigan Technological University,23478.69230769231,63253.846153846156,2.477837287820767,True
University of Michigan-Dearborn,26310.095238095237,46057.142857142855,1.818868724869351,True
University of Michigan-Flint,28676.75,34375.0,1.228998789093984,False
Northern Michigan University,23420.652173913044,32400.0,1.3948223215868913,False
Northwood University,23110.85714285714,42357.142857142855,1.8148579086603622,True
Oakland University,25967.696969696968,39575.757575757576,1.5309206115615037,True
Saginaw Valley State University,28112.0,37804.76190476191,1.3980843146851665,False
Spring Arbor University,24931.0,43750.0,1.749014048019805,True
Wayne State University,26295.20588235294,42088.23529411765,1.810334097583197,True
Western Michigan University,26815.244444444445,39742.22222222222,1.4600768248940867,False
Augsburg University,26331.636363636364,40872.72727272727,1.7713000958253993,True
Bemidji State University,21385.928571428572,41785.71428571428,2.010271403914585,True
Bethany Lutheran College,19324.0,32500.0,1.7619951206288966,True
Bethel University,25135.75,40433.333333333336,1.6143476925137723,True
Carleton College,14061.5,41475.0,3.0715534767004113,True
Concordia College at Moorhead,23392.64285714286,35250.0,1.3689907128154923,False
Martin Luther College,19268.5,24850.0,1.2531369382646367,False
Hamline University,22948.5,32358.333333333332,1.3724585013675394,False
Macalester College,18774.25,39512.5,2.0142935749859667,True
Minnesota State University-Mankato,22312.117647058825,41691.17647058824,1.8744242088013596,True
University of Minnesota-Twin Cities,19951.88,41594.666666666664,2.0368827722278935,True
University of Minnesota-Crookston,21360.833333333332,41766.666666666664,1.9979245031846415,True
Minneapolis College of Art and Design,25415.666666666668,22400.0,0.8956800664441312,False
University of Minnesota-Duluth,22151.793103448275,41382.75862068965,1.7697779074710658,True
University of Minnesota-Morris,17776.0,34600.0,1.920548657853186,True
Minnesota State University Moorhead,23112.333333333332,35688.88888888889,1.6166030546077588,True
North Central University,24226.5,32700.0,1.3012009326142093,False
University of Northwestern-St Paul,23096.666666666668,36233.333333333336,1.5546481650550237,True
College of Saint Benedict,23556.222222222223,40888.88888888889,1.5643532093612624,True
Saint Cloud State University,22987.064516129034,39854.83870967742,1.7851073078723956,True
Saint Johns University,23459.14285714286,43200.0,1.6340337018606796,True
Saint Mary's University of Minnesota,20714.2,48400.0,2.4359213198578042,True
St Olaf College,21522.3125,31518.75,1.3786679751319875,False
Crown College,26124.5,38575.0,1.4883517680959901,False
The College of Saint Scholastica,22072.6,43390.0,1.9903620170574328,True
University of St Thomas,22890.2,45515.0,1.8437105411575392,True
St Catherine University,30351.81818181818,40618.181818181816,1.377311666614879,False
Southwest Minnesota State University,21798.875,35762.5,1.6977762736350048,True
Winona State University,22780.18181818182,39368.181818181816,1.6653226494179014,True
Alcorn State University,26427.0,39300.0,1.9835898232598999,True
Jackson State University,29821.64285714286,27164.285714285714,0.9272345886967672,False
University of Mississippi,20663.9,37315.0,1.9461762234251225,True
Mississippi University for Women,24046.4,30860.0,1.6653686818952989,True
Mississippi Valley State University,31531.0,19466.666666666668,0.6205203193991645,False
Mississippi College,25778.88888888889,34122.22222222222,1.351161054123513,False
Mississippi State University,23947.86111111111,38063.88888888889,1.6299689313743932,True
University of Southern Mississippi,25500.529411764706,32711.764705882353,1.366708788406808,False
William Carey University,23294.6,31460.0,1.4017136537513826,False
Avila University,27345.333333333332,48466.666666666664,1.9176547045747663,True
Central Christian College of the Bible,16085.0,19300.0,1.395920729061189,False
Central Methodist University-College of Liberal Arts and Sciences,19551.777777777777,31666.666666666668,1.7948938431542492,True
University of Central Missouri,23581.666666666668,37643.333333333336,1.6878759564407162,True
Culver-Stockton College,28189.25,29525.0,1.0990854635364242,False
Drury University,26746.583333333332,32133.333333333332,1.3235245629493628,False
Evangel University,24275.166666666668,26916.666666666668,1.124471316216799,False
Fontbonne University,29952.0,41600.0,1.4724621265751097,False
Kansas City Art Institute,26413.333333333332,21533.333333333332,0.7975308641975308,False
Lindenwood University,26996.125,34137.5,1.2470020768277497,False
Maryville University of Saint Louis,24529.428571428572,43014.28571428572,1.8595087902998875,True
Missouri Baptist University,25147.0,33325.0,1.3964226840550684,False
Missouri Southern State University,22727.81818181818,37154.545454545456,1.7625165927271076,True
University of Missouri-Columbia,22242.15,40277.5,1.7175463864646883,True
University of Missouri-Kansas City,24300.0,41880.0,1.8246146968411245,True
Missouri University of Science and Technology,23795.8125,61781.25,2.563547328885013,True
University of Missouri-St Louis,24129.590909090908,37036.36363636364,1.6824264073209667,True
Truman State University,20479.46153846154,33061.53846153846,1.5121829392767778,True
Northwest Missouri State University,23444.1875,36631.25,1.615516860427123,True
Ozark Christian College,21345.0,26900.0,1.2704859963160628,False
Rockhurst University,20087.75,39525.0,2.4650211347109257,True
Saint Louis University,23909.5625,38500.0,1.4626383230751265,False
Southwest Baptist University,25022.5,33750.0,1.4584548219706606,False
Southeast Missouri State University,24084.65,31355.0,1.3914622460633987,False
Missouri State University-Springfield,23440.076923076922,33128.205128205125,1.408087046341694,False
Washington University in St Louis,13907.75,62750.0,4.9813141486270105,True
Webster University,25230.166666666668,30516.666666666668,1.225942857506673,False
Westminster College,22877.7,34610.0,1.436301034165921,False
William Jewell College,22875.75,41850.0,1.709504209504825,True
William Woods University,20463.666666666668,27666.666666666668,1.3714285617474828,False
Carroll College,24211.2,33480.0,1.2902849986261156,False
Montana Technological University,25645.75,63275.0,2.6058258923887463,True
Montana State University,24000.466666666667,36193.333333333336,1.5562554829763338,True
The University of Montana,25733.375,27479.166666666668,1.1133959256522499,False
Rocky Mountain College,22382.0,33500.0,1.4408602150537635,False
The University of Montana-Western,23374.75,32150.0,1.3403045784243823,False
Clarkson College,26006.5,53600.0,2.04045766590389,True
Bryan College of Health Sciences,26054.0,58000.0,2.2332601748103653,True
Concordia University-Nebraska,22781.666666666668,32733.333333333332,1.338548990394136,False
Creighton University,22306.083333333332,48675.0,2.050803667038711,True
Doane University-Arts & Sciences,24355.0,36240.0,1.4849590556955174,False
University of Nebraska at Kearney,21312.846153846152,33876.92307692308,1.6041998934510864,True
Nebraska Methodist College of Nursing & Allied Health,28405.0,58500.0,2.298173246906305,True
Midland University,25788.333333333332,42866.666666666664,1.602801519468186,True
Nebraska Christian College of Hope International University,26790.0,34400.0,1.2910005254071906,False
University of Nebraska at Omaha,20977.625,37737.5,1.8802145986756296,True
Nebraska Wesleyan University,20007.0,48600.0,2.7543861965210503,True
University of Nebraska-Lincoln,20562.555555555555,39504.444444444445,1.8621289072100495,True
University of Nevada-Las Vegas,22353.757575757576,38200.0,1.8460335430378505,True
University of Nevada-Reno,20494.684210526317,36726.31578947369,1.823160084579749,True
Dartmouth College,14050.2,59450.0,4.819066325657198,True
University of New Hampshire-Main Campus,24373.657894736843,38265.78947368421,1.4300136726278152,False
Keene State College,24167.95,33260.0,1.2855872871467764,False
University of New Hampshire at Manchester,24056.125,37425.0,1.4024192872117398,False
Saint Anselm College,24243.75,42750.0,1.5833333333333333,True
Bloomfield College,31606.0,32942.857142857145,1.0626641581399414,False
Caldwell University,27116.166666666668,37583.333333333336,1.4025846066034156,False
Centenary University,24672.4,33180.0,1.2917077663651488,False
Fairleigh Dickinson University-Metropolitan Campus,24978.0,35787.5,1.4145871791592222,False
Felician University,27553.75,43400.0,1.7155660587842165,True
Fairleigh Dickinson University-Florham Campus,24969.071428571428,33178.57142857143,1.31443825766345,False
Georgian Court University,23420.0,35583.333333333336,1.4971016466529774,False
Rowan University,21134.966666666667,38356.666666666664,1.7992358181398311,True
New Jersey City University,21193.57894736842,34947.36842105263,1.9104539891104946,True
Kean University,25455.53846153846,36703.846153846156,1.4884955857252113,False
Monmouth University,24557.666666666668,34633.333333333336,1.3072347537192535,False
Montclair State University,23876.615384615383,31042.30769230769,1.2875623200834796,False
New Jersey Institute of Technology,23298.846153846152,55615.38461538462,2.368457813995796,True
Ramapo College of New Jersey,21977.647058823528,34035.294117647056,1.4617591923941355,False
Rider University,24880.722222222223,36538.88888888889,1.392169071689029,False
Rutgers University-Camden,22525.535714285714,40067.857142857145,1.7993624096659313,True
Rutgers University-New Brunswick,22134.916666666668,42285.416666666664,1.904774004465942,True
Rutgers University-Newark,22127.7,40383.333333333336,1.9039209797337542,True
Saint Peter's University,24261.8,39440.0,1.6344245723429516,True
Seton Hall University,22715.65,37925.0,1.529675895104462,True
College of Saint Elizabeth,21640.0,54400.0,3.414777327935223,True
Stevens Institute of Technology,23691.88888888889,68933.33333333333,2.653292112391556,True
Stockton University,22098.47619047619,32433.333333333332,1.437448904206087,False
The College of New Jersey,21386.882352941175,42500.0,1.849248481684998,True
William Paterson University of New Jersey,24680.30769230769,37003.846153846156,1.488862309020829,False
Eastern New Mexico University-Main Campus,18328.4,31650.0,1.9665908960551157,True
New Mexico Institute of Mining and Technology,21289.0,53600.0,2.4388024388024387,True
University of New Mexico-Main Campus,22275.51724137931,35175.862068965514,1.6824134063883478,True
New Mexico State University-Main Campus,21493.5,33455.555555555555,1.8576742932094383,True
Adelphi University,22781.615384615383,34130.769230769234,1.4145397531737873,False
Alfred University,25496.5,31625.0,1.1765373864430468,False
Barnard College,16662.0,45716.666666666664,2.638841126828235,True
Canisius College,22418.615384615383,32584.615384615383,1.3209957503169807,False
Clarkson University,23768.0,55533.333333333336,2.108521489403843,True
Colgate University,15953.125,44012.5,2.6215725025425836,True
Columbia University in the City of New York,24047.722222222223,47888.88888888889,2.325056901217736,True
Concordia College-New York,25650.5,61350.0,2.3779402282195257,True
Cooper Union for the Advancement of Science and Art,17594.0,21600.0,1.053658536585366,False
Cornell University,13350.40625,53015.625,3.996271399409884,True
CUNY Bernard M Baruch College,14022.642857142857,38557.142857142855,3.574494976858129,True
CUNY Brooklyn College,14649.666666666666,30020.0,2.558430626025794,True
CUNY City College,15339.285714285714,37480.95238095238,2.737685380280201,True
CUNY Hunter College,16054.07142857143,36078.57142857143,2.639300426914943,True
CUNY John Jay College of Criminal Justice,13874.0,32787.5,2.7914841069608887,True
CUNY Lehman College,13421.588235294117,36441.17647058824,3.3971725441909086,True
CUNY Queens College,13233.058823529413,30170.58823529412,2.7366614892219916,True
CUNY York College,11639.142857142857,43457.142857142855,4.871033715430117,True
D'Youville College,27658.75,63375.0,2.2246246902143705,True
Dominican College of Blauvelt,25845.75,39975.0,1.5365223302204436,True
Fordham University,22399.045454545456,37863.63636363636,1.5059021568114284,True
Hamilton College,18106.333333333332,55633.333333333336,3.14801596639559,True
Hartwick College,25537.4,32560.0,1.2059259259259258,False
Hobart William Smith Colleges,23877.5,40800.0,1.5621734892787527,True
Hofstra University,22801.565217391304,37060.86956521739,1.509044994261122,True
Iona College,23356.666666666668,36166.666666666664,1.4181287054007161,False
Jewish Theological Seminary of America,21710.0,50200.0,2.113684210526316,True
Keuka College,23416.0,46500.0,2.1042331925092133,True
LIM College,26017.25,40550.0,1.5197387781230582,True
Le Moyne College,22101.5,36208.333333333336,1.6483985339636271,True
LIU Brooklyn,25836.466666666667,37940.0,1.4865692827745396,False
Long Island University,25220.428571428572,34219.04761904762,1.3601834980670917,False
Manhattan College,23582.166666666668,48250.0,1.8437466186288345,True
Marymount Manhattan College,23272.5,26450.0,1.1127103050517686,False
Medaille College,26211.0,31950.0,1.2287932117535494,False
Molloy College,25803.4,48520.0,1.8130651647791916,True
Mount Saint Mary College,25084.0,37585.71428571428,1.4319624730237102,False
College of Mount Saint Vincent,28598.0,35360.0,1.3163539803578919,False
The College of New Rochelle,24379.5,62300.0,2.518736457976964,True
The New School,25029.444444444445,26888.88888888889,1.0593199361618746,False
New York University,20752.268292682926,42056.09756097561,1.95156419655742,True
Niagara University,23026.0,38580.0,1.5479587312440954,True
New York Institute of Technology,27416.428571428572,55157.142857142855,1.9956701549598954,True
Nyack College,26631.75,44375.0,1.7672243472205125,True
Pace University,24068.82608695652,39282.608695652176,1.5887085957992462,True
Pratt Institute-Main,24694.0,28000.0,1.0722932351486507,False
Rensselaer Polytechnic Institute,23288.0,66035.29411764706,2.545024004509065,True
Roberts Wesleyan College,22940.0,61800.0,2.966305078237496,True
Rochester Institute of Technology,25041.935483870966,54316.12903225807,2.0250435050307147,True
University of Rochester,20984.3,44880.0,2.093301186101519,True
St Bonaventure University,23751.75,35050.0,1.394392791125251,False
St Francis College,23699.444444444445,40311.11111111111,1.6207965018057484,True
St Lawrence University,22958.083333333332,33525.0,1.2899049666357325,False
St. Thomas Aquinas College,21417.5,31375.0,1.4585212983847968,False
Sarah Lawrence College,17025.0,20700.0,1.4785714285714286,False
Skidmore College,20609.166666666668,32300.0,1.41650514974698,False
St. Joseph's College-New York,21583.75,36106.25,1.663566361864953,True
St. Joseph's College-Long Island,21425.266666666666,32060.0,1.5110586739302874,True
Saint John Fisher College,22294.909090909092,36018.181818181816,1.5238838321709338,True
St John's University-New York,24186.82608695652,35534.782608695656,1.3785361463821202,False
SUNY College of Technology at Alfred,22819.875,37062.5,1.5364053017608001,True
SUNY College of Technology at Canton,26127.0,37366.666666666664,1.429911997178516,False
SUNY College of Agriculture and Technology at Cobleskill,21476.0,28800.0,1.4397097508802326,False
Farmingdale State College,18451.9375,43187.5,2.449202131556863,True
SUNY Morrisville,27075.333333333332,31233.333333333332,1.1358617181968593,False
SUNY at Albany,20094.722222222223,32800.0,1.5867435585086862,True
Binghamton University,19400.290322580644,40483.87096774193,2.1134115652671324,True
University at Buffalo,19579.96551724138,37358.620689655174,1.865666208894297,True
Stony Brook University,19977.185185185186,43125.92592592593,2.2495848461655523,True
SUNY College of Environmental Science and Forestry,19836.0,33716.666666666664,1.6385097271367295,True
SUNY Polytechnic Institute,17657.846153846152,42423.07692307692,2.5857380326307604,True
SUNY College at Brockport,20789.75,32304.166666666668,1.5881790562134102,True
SUNY Buffalo State,22110.69230769231,31657.69230769231,1.4434212794946633,False
SUNY Cortland,21204.133333333335,31926.666666666668,1.475466076504558,False
SUNY at Fredonia,23397.0,28060.869565217392,1.1434282940809062,False
SUNY College at Geneseo,19658.333333333332,32883.333333333336,1.5884046862516914,True
State University of New York at New Paltz,19538.56,27444.0,1.454291474062562,False
SUNY Oneonta,20426.0,30961.11111111111,1.4680203559884486,False
SUNY College at Oswego,22355.5,29991.666666666668,1.345010792269316,False
SUNY at Purchase College,22057.285714285714,21985.714285714286,0.9640858459789629,False
SUNY College at Old Westbury,19081.6,33610.0,1.8874758989510991,True
SUNY College at Plattsburgh,20967.652173913044,32317.391304347828,1.4825096066535064,False
SUNY Maritime College,24222.0,69550.0,2.78294531828436,True
Syracuse University,24873.464285714286,41000.0,1.5285668778984316,True
Vassar College,15914.9,34040.0,2.1363579837869495,True
School of Visual Arts,25653.0,21360.0,0.7911111111111111,False
Yeshiva University,18071.0,56850.0,3.1757095321980815,True
Appalachian State University,19791.772727272728,31790.909090909092,1.6036139872288127,True
Barton College,25200.0,34480.0,1.3088937033730077,False
Belmont Abbey College,29948.14285714286,32657.14285714286,1.1732239704054293,False
Campbell University,22990.4,37426.666666666664,1.6492004583186022,True
Catawba College,22924.25,30250.0,1.4618369920467753,False
Chowan University,35858.0,24560.0,0.656616591857808,False
Duke University,11685.944444444445,57122.22222222222,6.272668378713059,True
East Carolina University,23259.04761904762,35578.57142857143,1.44882062694099,False
Elizabeth City State University,29229.8,24720.0,0.8428956265706,False
Elon University,20105.88888888889,39144.444444444445,1.8339396003060213,True
Fayetteville State University,25847.583333333332,30450.0,1.2951221564926236,False
Gardner-Webb University,24323.85714285714,34800.0,1.4436803521780586,False
Johnson C Smith University,34859.6,23460.0,0.6890340793802155,False
Lenoir-Rhyne University,25971.5,37950.0,1.4055555555555554,False
Livingstone College,35468.666666666664,19433.333333333332,0.5430442970605093,False
Mars Hill University,28992.0,30933.333333333332,1.106226442239784,False
Meredith College,25824.571428571428,30985.714285714286,1.2080662749733986,False
Methodist University,27935.75,36000.0,1.2605414843784886,False
Montreat College,31815.5,33500.0,1.0989431556205764,False
University of Mount Olive,33044.0,41885.71428571428,1.3189514898333496,False
North Carolina A & T State University,29483.28,37104.0,1.314364899640637,False
University of North Carolina at Asheville,20090.6875,27950.0,1.3355373559182915,False
University of North Carolina at Chapel Hill,16241.923076923076,39888.46153846154,2.4601680194557907,True
University of North Carolina at Charlotte,23557.31111111111,39046.666666666664,1.67646914335845,True
University of North Carolina at Greensboro,22689.696969696968,31800.0,1.3772214753758707,False
North Carolina Central University,31229.875,30750.0,0.992107548207776,False
University of North Carolina School of the Arts,24368.0,23700.0,0.8777777777777778,False
North Carolina State University at Raleigh,20539.0,43821.21212121212,2.0166594387003296,True
North Carolina Wesleyan College,24855.4,34900.0,1.4874904793008643,False
University of North Carolina Wilmington,21612.09375,30456.25,1.4206743973954303,False
William Peace University,24720.0,35733.333333333336,1.5550402363092264,True
University of North Carolina at Pembroke,23090.46153846154,32500.0,1.4127800856882844,False
Pfeiffer University,26575.0,40500.0,1.6206482593037217,True
Queens University of Charlotte,25186.666666666668,42566.666666666664,1.6364495211722625,True
Saint Augustine's University,33140.333333333336,25633.333333333332,0.7714700838313148,False
St. Andrews University,27976.0,25600.0,0.8904347826086957,False
Warren Wilson College,20472.0,18300.0,0.9575637067657371,False
Wingate University,24954.5,31483.333333333332,1.231778701683863,False
Winston-Salem State University,26311.30769230769,30423.076923076922,1.3516043137144098,False
Western Carolina University,21781.21875,33218.75,1.5532618897639434,True
Dickinson State University,20475.666666666668,38000.0,1.9713189788862897,True
University of Jamestown,23491.5,47400.0,1.839156351147679,True
University of Mary,25294.0,53500.0,2.047846889952153,True
Mayville State University,20721.0,38600.0,1.9408485096140669,True
Minot State University,18451.571428571428,41757.142857142855,2.4023125689208604,True
University of North Dakota,23460.55,44835.0,1.8240282270063648,True
North Dakota State University-Main Campus,22144.533333333333,43883.333333333336,1.9024461798081693,True
Valley City State University,20235.333333333332,36866.666666666664,1.7123565216498842,True
University of Akron Main Campus,26869.45238095238,41064.28571428572,1.6129559028174423,True
Art Academy of Cincinnati,28213.0,22850.0,0.8462962962962963,False
Ashland University,24932.666666666668,34888.88888888889,1.3590806472141135,False
Aultman College of Nursing and Health Sciences,23168.0,66000.0,2.7517198248905568,True
Bluffton University,26144.0,34260.0,1.3404889468092407,False
Bowling Green State University-Main Campus,25921.317073170732,34334.14634146341,1.3071713166612364,False
Capital University,25128.166666666668,33225.0,1.2610368532704808,False
Case Western Reserve University,21583.30769230769,51346.153846153844,2.239076843577612,True
Cedarville University,20987.0,41480.0,1.7905316877830888,True
Central State University,37183.75,24300.0,0.6501101298632459,False
The Christ College of Nursing and Health Sciences,21740.0,60000.0,2.9568302779420463,True
Cincinnati Christian University,25176.5,32400.0,1.4396173043107874,False
University of Cincinnati-Main Campus,23971.242424242424,45675.757575757576,1.8547511372312127,True
Cleveland State University,24966.25,37192.857142857145,1.5331439581757422,True
University of Dayton,22205.739130434784,46526.086956521736,1.8259950291212181,True
Denison University,21879.8,28950.0,1.1317413996819068,False
The University of Findlay,24567.285714285714,29957.14285714286,1.2081327975696499,False
Heidelberg University,26609.8,30560.0,1.133220910065525,False
Hiram College,27443.25,39800.0,1.5004257050223282,True
John Carroll University,23842.454545454544,37872.72727272727,1.4454547807644813,False
Kent State University at Kent,26820.895833333332,33916.666666666664,1.3245957314558454,False
Kenyon College,16162.0,36200.0,1.9482579688658266,True
Kettering College,32233.0,55700.0,1.662686567164179,True
Lake Erie College,26146.0,28200.0,1.0512973456606023,False
Lourdes University,31438.0,36340.0,1.2390362288502665,False
Malone University,25812.0,34800.0,1.433303829101427,False
Marietta College,26707.0,64000.0,2.3703703703703702,True
Miami University-Oxford,23226.404761904763,40419.04761904762,1.672353326322116,True
Mount Carmel College of Nursing,23805.0,59600.0,2.4704663212435234,True
University of Mount Union,25660.666666666668,32600.0,1.2088402566253182,False
Mount Vernon Nazarene University,25507.25,39600.0,1.5973043063387797,True
Mount Saint Joseph University,27560.0,46350.0,1.7077508818018403,True
Muskingum University,26346.2,36200.0,1.3462143705539362,False
Notre Dame College,28136.5,39325.0,1.4371415923828663,False
Oberlin College,21721.85714285714,21700.0,0.862033931102232,False
Ohio Dominican University,29451.25,37275.0,1.269996124874488,False
Ohio Northern University,24517.8,49100.0,1.9473327465319088,True
Ohio State University-Main Campus,21769.322580645163,41152.68817204301,1.8591468169399312,True
Ohio University-Main Campus,22791.463414634145,38282.92682926829,1.649565573166516,True
Otterbein University,26417.88888888889,33933.333333333336,1.2709216964242573,False
Shawnee State University,27042.0,27625.0,1.0622179918600687,False
Franciscan University of Steubenville,22530.6,36920.0,1.5203163431264282,True
University of Toledo,24374.030303030304,43069.69696969697,1.816760795482032,True
Ursuline College,29737.0,55000.0,1.7990906414575905,True
Walsh University,25514.666666666668,36566.666666666664,1.396772438097159,False
Wilberforce University,16536.0,37700.0,3.04302203567681,True
Wilmington College,24536.75,31425.0,1.3022104679078543,False
The College of Wooster,21861.166666666668,24383.333333333332,0.9483427574095242,False
Wright State University-Main Campus,25783.96551724138,37268.96551724138,1.5080928401469957,True
Wright State University-Lake Campus,25405.25,38425.0,1.591478831326573,True
Xavier University,23531.071428571428,40050.0,1.535836690663033,True
Youngstown State University,28618.466666666667,36590.0,1.3219882350555188,False
Oklahoma Wesleyan University,23049.0,65800.0,2.6962792984756603,True
University of Central Oklahoma,23705.26923076923,34996.153846153844,1.5792421566853376,True
East Central University,18526.6,35700.0,2.0272819479132282,True
Northeastern State University,20050.684210526317,35321.05263157895,1.9801166701135404,True
Northwestern Oklahoma State University,15184.6,34300.0,2.3602072538462315,True
Oklahoma Christian University,23406.2,39520.0,1.7203555147259793,True
Oklahoma State University-Main Campus,21225.947368421053,41331.57894736842,1.9883052867547018,True
Oklahoma Baptist University,24473.0,39500.0,1.6022901759545907,True
Oklahoma City University,22983.75,31625.0,1.426156122363924,False
University of Oklahoma-Norman Campus,21238.894736842107,42057.89473684211,1.9356175377884122,True
Oral Roberts University,25299.5,35516.666666666664,1.3906219271458118,False
Southeastern Oklahoma State University,18788.6,33300.0,1.8694744892198198,True
Southwestern Christian University,32053.0,31900.0,0.9412806137503688,False
Southwestern Oklahoma State University,18503.25,41075.0,2.6165406014912165,True
University of Tulsa,21505.0,64825.0,2.846483446879035,True
Concordia University-Portland,26565.5,42133.333333333336,1.5739383677615375,True
Eastern Oregon University,24622.166666666668,30583.333333333332,1.3200808440374145,False
George Fox University,22672.222222222223,39811.11111111111,1.6547728166214575,True
Lewis & Clark College,20393.666666666668,23633.333333333332,1.077367885641848,False
Linfield College-McMinnville Campus,25251.25,42175.0,1.6325038480038478,True
Oregon Institute of Technology,23760.0,58937.5,2.4981161072180633,True
Oregon State University,23306.188679245282,38049.056603773584,1.6334770135850143,True
University of Oregon,20793.194444444445,30000.0,1.4294124617400428,False
Pacific University,23638.8,37760.0,1.46488442431206,False
Portland State University,24197.595238095237,34023.80952380953,1.4491608040764297,False
University of Portland,21606.0,49435.71428571428,2.0907878194077676,True
Reed College,14328.0,16700.0,1.2370370370370372,False
Southern Oregon University,22273.0,28212.5,1.2628768635323275,False
Corban University,24454.0,28725.0,1.0919027538909059,False
Allegheny College,25845.714285714286,29614.285714285714,1.096825396825397,False
DeSales University,24254.833333333332,36350.0,1.4498931050734056,False
Alvernia University,29329.444444444445,38655.555555555555,1.374238819643123,False
Arcadia University,25493.6,30180.0,1.1385723472281406,False
Bloomsburg University of Pennsylvania,25401.791666666668,35062.5,1.341081863340601,False
Bryn Mawr College,20904.666666666668,25366.666666666668,1.0695768935265495,False
Bucknell University,22651.76923076923,50069.230769230766,1.9026101621097906,True
Cabrini University,25460.85714285714,31185.714285714286,1.2037626197099838,False
California University of Pennsylvania,25573.428571428572,33676.19047619047,1.377603907640768,False
Carlow University,28108.333333333332,35300.0,1.3240043493875215,False
Carnegie Mellon University,22123.2,69526.66666666667,3.074753909762203,True
Cedar Crest College,28716.333333333332,40800.0,1.4396369874600028,False
Chestnut Hill College,27272.571428571428,31442.85714285714,1.1606668713080446,False
Clarion University of Pennsylvania,27248.88888888889,35100.0,1.357651414329123,False
Delaware Valley University,25350.2,27420.0,1.0625761266800076,False
Drexel University,26056.53488372093,51909.3023255814,1.8854145162324936,True
Duquesne University,24137.25,38518.75,1.5055986218381918,True
East Stroudsburg University of Pennsylvania,22999.333333333332,33404.166666666664,1.3752751629587048,False
Eastern University,27154.714285714286,37571.42857142857,1.3781902970399869,False
Edinboro University of Pennsylvania,28689.0,29511.764705882353,1.0556911644710012,False
Elizabethtown College,26800.14285714286,40242.857142857145,1.4990690697369817,False
Gannon University,26465.8,36960.0,1.3770655270655272,False
Geneva College,23478.4,33920.0,1.3311751934019216,False
Gwynedd Mercy University,27908.25,48650.0,1.821597983106028,True
Holy Family University,27312.666666666668,42150.0,1.5943456790123456,True
Immaculata University,28086.333333333332,43633.333333333336,1.5640793287693466,True
Indiana University of Pennsylvania-Main Campus,26958.114285714284,33628.57142857143,1.2522777961000544,False
Kutztown University of Pennsylvania,25834.058823529413,31488.235294117647,1.1891481295827113,False
La Roche University,24724.166666666668,34883.333333333336,1.46825403595491,False
Lafayette College,20545.777777777777,47800.0,2.0319144413587633,True
Lancaster Bible College,20084.5,30000.0,1.6805536537546488,True
Lebanon Valley College,24761.0,37983.333333333336,1.4083896453764033,False
Lehigh University,21237.615384615383,63730.769230769234,2.634019845079846,True
Lincoln University,33661.333333333336,26533.333333333332,0.7725872547373719,False
Lock Haven University,27367.882352941175,32647.058823529413,1.1502064810911552,False
Lycoming College,27097.0,30660.0,1.1355555555555554,False
Mansfield University of Pennsylvania,27281.30769230769,32476.923076923078,1.2020426636778119,False
Marywood University,28055.0,38680.0,1.40111109565074,False
Messiah College,23404.727272727272,37954.545454545456,1.5094844682044604,True
Millersville University of Pennsylvania,23429.17391304348,34939.13043478261,1.5494964004175191,True
Misericordia University,21512.666666666668,50100.0,2.356185398487962,True
Moore College of Art and Design,28076.5,23750.0,0.8796296296296295,False
Moravian College,24361.5,51350.0,2.1377777777777776,True
Mount Aloysius College,28955.666666666668,38666.666666666664,1.4023964148291306,False
Muhlenberg College,23062.571428571428,39842.857142857145,1.5412806677869206,True
Neumann University,28767.81818181818,42900.0,1.7071899051993353,True
Pennsylvania State University-Penn State Erie-Behrend College,24797.966666666667,45270.0,1.7229476555677548,True
Pennsylvania State University-Penn State New Kensington,25901.0,44510.0,1.7150231174912307,True
Pennsylvania State University-Penn State Shenango,26195.333333333332,40600.0,1.6222317223986054,True
Pennsylvania State University-Penn State Wilkes-Barre,25788.444444444445,40422.22222222222,1.5252281019361775,True
Pennsylvania State University-Penn State Scranton,25382.81818181818,38463.63636363636,1.506169752466012,True
Pennsylvania State University-Penn State Lehigh Valley,25533.75,38025.0,1.4246897894664217,False
Pennsylvania State University-Penn State Altoona,25445.0,39433.333333333336,1.506027192661237,True
Pennsylvania State University-Penn State Beaver,26057.375,40400.0,1.509102173993371,True
Pennsylvania State University-Penn State Berks,25398.2,41930.0,1.5921466938635798,True
Pennsylvania State University-Penn State Harrisburg,25134.129032258064,46112.903225806454,1.7501971709677746,True
Pennsylvania State University-Penn State Brandywine,25554.14285714286,39285.71428571428,1.4688547644599876,False
Pennsylvania State University-Penn State DuBois,26270.75,40837.5,1.5318384303975712,True
Pennsylvania State University-Penn State Fayette- Eberly,26233.777777777777,38777.77777777778,1.5195536585538028,True
Pennsylvania State University-Penn State Hazleton,26346.444444444445,39977.77777777778,1.4924955916481117,False
Pennsylvania State University-Main Campus,24841.44705882353,43443.529411764706,1.637475680439637,True
Pennsylvania State University-Penn State Greater Allegheny,26381.777777777777,35877.77777777778,1.3432897475645393,False
Pennsylvania State University-Penn State Mont Alto,25383.0,41400.0,1.639253476755719,True
Pennsylvania State University-Penn State Abington,25380.571428571428,38028.57142857143,1.456592190902108,False
Pennsylvania State University-Penn State Schuylkill,24983.5,42150.0,1.6576863042714458,True
Pennsylvania State University-Penn State York,26042.636363636364,37754.545454545456,1.4117314156090706,False
University of Pennsylvania,19197.38888888889,61494.444444444445,3.0454503713091,True
Cairn University-Langhorne,27339.0,28500.0,0.987012987012987,False
University of the Sciences,24709.0,45900.0,1.7,True
University of Pittsburgh-Bradford,24303.944444444445,36955.555555555555,1.4097403579799648,False
University of Pittsburgh-Greensburg,24322.625,32837.5,1.2495417302451761,False
University of Pittsburgh-Johnstown,24434.045454545456,37881.818181818184,1.441703907180564,False
University of Pittsburgh-Pittsburgh Campus,23904.739130434784,41086.95652173913,1.594387696765703,True
Point Park University,27053.88888888889,28744.444444444445,1.0462438331050936,False
Robert Morris University,24886.222222222223,41055.555555555555,1.57120752089855,True
Saint Francis University,27190.5,32800.0,1.2251654053325585,False
Saint Joseph's University,22148.5,43890.0,1.7985392260277446,True
Saint Vincent College,25420.333333333332,34966.666666666664,1.2958611978005647,False
University of Scranton,24517.071428571428,40164.28571428572,1.505249136332903,True
Shippensburg University of Pennsylvania,24555.1,34275.0,1.3291258730709283,False
Slippery Rock University of Pennsylvania,23831.64,34344.0,1.4282351056703053,False
Swarthmore College,18493.666666666668,66266.66666666667,3.1371195677707306,True
Thiel College,28576.8,31980.0,1.1844444444444444,False
Ursinus College,26435.75,31225.0,1.1564814814814814,False
Villanova University,23057.95238095238,57680.95238095238,2.200452307403366,True
Waynesburg University,26534.0,45300.0,1.6777777777777778,True
West Chester University of Pennsylvania,22272.678571428572,38628.57142857143,1.6645674269410748,True
Widener University,26117.18181818182,44300.0,1.6341159556343534,True
Wilkes University,24155.125,41275.0,1.6327704599289952,True
York College of Pennsylvania,25265.727272727272,35990.90909090909,1.3689408987861043,False
Brown University,14257.0,52800.0,3.712591208687185,True
Providence College,24321.533333333333,42213.333333333336,1.5714765432098767,True
Rhode Island College,21885.68,36140.0,1.7092354414671802,True
University of Rhode Island,21859.5,38717.391304347824,1.640580228918239,True
Rhode Island School of Design,22906.666666666668,22200.0,0.8507841241800952,False
Charleston Southern University,28041.625,33362.5,1.2049517684310487,False
Bob Jones University,17292.0,37820.0,2.1883101155665647,True
College of Charleston,21550.74074074074,30244.444444444445,1.366010104195134,False
Citadel Military College of South Carolina,21409.5,43500.0,1.9240481509497496,True
Claflin University,34105.71428571428,25814.285714285714,0.7210567109517532,False
Clemson University,21521.85,42970.0,1.9668701662763932,True
Coker College,32337.0,26250.0,0.8763671015980061,False
Columbia International University,22573.0,23800.0,1.1069767441860465,False
Columbia College,27189.63157894737,36068.42105263158,1.4387213632728988,False
Converse College,25785.0,19800.0,0.7342851844984238,False
Erskine College,24217.0,26100.0,1.0038461538461538,False
Francis Marion University,32772.555555555555,30288.88888888889,0.9886858377806012,False
Furman,22537.5,33575.0,1.3837137193326061,False
Lander University,28235.625,30275.0,1.0973991515498516,False
Limestone College,29862.25,36675.0,1.3511216226838156,False
North Greenville University,21347.5,26966.666666666668,1.2328951574676417,False
Presbyterian College,20264.5,31900.0,1.4312530120481926,False
University of South Carolina-Aiken,26133.0,31466.666666666668,1.2337111394979414,False
University of South Carolina-Beaufort,24659.333333333332,34150.0,1.3504227222736498,False
University of South Carolina-Columbia,22196.17777777778,38940.0,1.6349305117352335,True
Coastal Carolina University,24473.260869565216,30047.82608695652,1.2298477581877996,False
South Carolina State University,34976.875,22662.5,0.6665331056099735,False
University of South Carolina-Upstate,24051.6,32270.0,1.4645694610760103,False
Winthrop University,28473.176470588234,27029.41176470588,0.9785755231641893,False
Wofford College,22010.333333333332,35400.0,1.4701234567901238,False
Augustana University,22683.0,37960.0,1.518044992223638,True
Black Hills State University,27121.333333333332,32333.333333333332,1.2711991354590628,False
Dakota State University,24417.833333333332,40166.666666666664,1.666514243962232,True
Dakota Wesleyan University,25936.0,46100.0,1.8283274505478344,True
Mount Marty College,26854.5,46150.0,1.7313225416196127,True
Northern State University,25216.0,37700.0,1.4437843784378437,False
Presentation College,25996.0,56800.0,2.1230470210062045,True
South Dakota School of Mines and Technology,26900.5,62300.0,2.299414488017429,True
South Dakota State University,23710.833333333332,40273.333333333336,1.642122787152267,True
University of Sioux Falls,21733.0,41766.666666666664,1.8604473350705568,True
University of South Dakota,24534.105263157893,35589.47368421053,1.4185805141666874,False
Austin Peay State University,25195.6,31560.0,1.3702227655333439,False
Baptist Memorial College of Health Sciences,35120.5,55850.0,1.602241747858932,True
Belmont University,21879.363636363636,34072.72727272727,1.5657406328713341,True
Carson-Newman University,23203.666666666668,39533.333333333336,1.6278383250243238,True
Christian Brothers University,24413.666666666668,42100.0,1.9167780440443947,True
Cumberland University,25807.5,40800.0,1.8301321044546852,True
Lipscomb University,25209.14285714286,39828.57142857143,1.5674545062259813,True
East Tennessee State University,22474.0,31242.85714285714,1.510223189661883,True
Freed-Hardeman University,25386.25,41750.0,1.7129084967320258,True
Johnson University,25828.0,24533.333333333332,0.9449596520537273,False
King University,21437.5,45550.0,2.1721602804088844,True
Lee University,27079.3,30590.0,1.1346875532149645,False
Lincoln Memorial University,20351.0,47300.0,2.206259620318112,True
Martin Methodist College,26799.0,48400.0,1.6982456140350877,True
Memphis College of Art,36693.0,16850.0,0.4668553103188078,False
University of Memphis,27505.571428571428,33877.142857142855,1.283763434476383,False
Middle Tennessee State University,23359.425,32687.5,1.4779639404683285,False
O'More College of Design,26754.0,25700.0,0.9903660886319846,False
Rhodes College,19676.6,32560.0,1.4240472553456165,False
Tennessee Wesleyan University,18000.5,42650.0,2.563037423846823,True
The University of Tennessee-Chattanooga,20915.52380952381,36776.19047619047,1.8288995230673746,True
The University of Tennessee-Knoxville,21134.571428571428,37185.71428571428,1.749094986985085,True
The University of Tennessee-Martin,24065.473684210527,32521.052631578947,1.3783885094128712,False
Tennessee Technological University,18368.260869565216,37986.95652173913,2.180041524360167,True
Trevecca Nazarene University,17366.0,42200.0,2.4463768115942033,True
Tusculum University,26026.8,33740.0,1.480486907083711,False
Union University,26681.75,39425.0,1.6101380714886346,True
Vanderbilt University,15362.857142857143,52642.857142857145,3.623430832970937,True
Abilene Christian University,23111.0,42980.0,1.8706336995678314,True
Angelo State University,21639.285714285714,35092.857142857145,1.7492397503454442,True
Austin College,22575.0,28700.0,1.180272952853598,False
Baylor University,22032.176470588234,41529.41176470588,1.8327983221668396,True
Concordia University Texas,29165.75,49950.0,1.7472761823233107,True
Texas A & M University-Corpus Christi,25233.526315789473,34189.47368421053,1.3911691611723676,False
Dallas Baptist University,23251.88888888889,34022.22222222222,1.5470795581094672,True
University of Dallas,22192.25,33200.0,1.3053347721518216,False
East Texas Baptist University,26088.0,41500.0,1.6436738496190741,True
Texas A&M University-Texarkana,18013.333333333332,30133.333333333332,1.7810938643024758,True
Texas A & M University-Commerce,22884.615384615383,36592.307692307695,1.682996889205937,True
Hardin-Simmons University,27247.0,42000.0,1.645092775944261,True
Houston Baptist University,24580.666666666668,39950.0,1.562723847316361,True
University of Houston-Clear Lake,19445.625,40025.0,2.277358004984584,True
University of Houston-Downtown,23174.238095238095,38142.857142857145,1.8526073339929392,True
University of Houston,21747.25925925926,42138.88888888889,2.133183410596977,True
Howard Payne University,23008.5,31900.0,1.2760835303388496,False
University of the Incarnate Word,30987.909090909092,34763.63636363636,1.165703984709392,False
Lamar University,26219.0,40100.0,1.644486068099412,True
Texas A & M International University,17805.9375,29175.0,1.8023506798493214,True
LeTourneau University,27561.4,42840.0,1.505548415332043,True
Lubbock Christian University,22566.666666666668,44966.666666666664,2.148106535877287,True
University of Mary Hardin-Baylor,26626.0,37742.857142857145,1.4496735266255638,False
McMurry University,29473.0,35900.0,1.2118143459915611,False
Midwestern State University,23474.64285714286,40728.57142857143,1.7273761521533897,True
University of North Texas,21841.56862745098,38466.666666666664,1.800619116822304,True
Our Lady of the Lake University,26131.0,29416.666666666668,1.1460932872002514,False
The University of Texas Rio Grande Valley,13460.064516129032,31522.58064516129,2.943874285524394,True
Prairie View A & M University,30942.875,39362.5,1.3949338494309231,False
Rice University,12558.42857142857,63885.71428571428,6.069254043941474,True
Saint Edward's University,23900.70588235294,31282.352941176472,1.254978754528619,False
Sam Houston State University,23584.0625,36500.0,1.6317662413798313,True
Schreiner University,20805.0,67400.0,3.5946666666666665,True
St. Mary's University,27016.666666666668,33111.11111111111,1.225017242006541,False
Southern Methodist University,19557.095238095237,44995.23809523809,2.3311404413666104,True
Southwestern Assemblies of God University,27428.6,28520.0,1.1323122577785922,False
Stephen F Austin State University,26607.653846153848,34088.46153846154,1.3311821675278341,False
Texas State University,22440.410714285714,36728.57142857143,1.6869147114817953,True
Southwestern Adventist University,28098.0,63700.0,2.1057851239669416,True
Tarleton State University,21197.217391304348,36504.34782608696,1.7481142972029817,True
Texas A & M University-Kingsville,21992.0,35628.57142857143,1.651542475776744,True
Texas A & M University-College Station,19220.921875,48003.125,2.5641870407827234,True
The University of Texas at Arlington,20847.07894736842,41931.57894736842,2.1499084346744355,True
The University of Texas at Austin,20981.462962962964,43188.88888888889,2.0620324248508877,True
The University of Texas at Dallas,19565.076923076922,39365.38461538462,2.153699020207038,True
The University of Texas at El Paso,20943.032258064515,32396.774193548386,1.8106809941156365,True
The University of Texas at Tyler,19990.333333333332,39844.444444444445,2.076477405571417,True
Texas Christian University,20816.947368421053,42926.31578947369,2.0699633492768674,True
Texas Lutheran University,25670.5,35616.666666666664,1.3321930415263747,False
The University of Texas of the Permian Basin,16087.0,44914.28571428572,2.735275618040484,True
The University of Texas at San Antonio,24365.25,37660.0,1.6090497733687734,True
Texas Southern University,30894.666666666668,31377.777777777777,1.0770345986908514,False
Texas Tech University,24173.375,42581.25,1.7592623570292254,True
Texas Wesleyan University,24274.666666666668,29366.666666666668,1.305789726146869,False
Texas Woman's University,22769.478260869564,37743.47826086957,1.7617437702491134,True
Trinity University,20927.0,49650.0,2.1465140228795887,True
Wayland Baptist University,21043.5,39950.0,2.0498015873015873,True
West Texas A & M University,21910.761904761905,36076.19047619047,1.7080924391737529,True
Brigham Young University-Provo,14750.697674418605,39853.48837209302,3.5737581043699596,True
Brigham Young University-Hawaii,10681.25,26425.0,2.6417061628526777,True
Southern Utah University,15327.5,31164.285714285714,2.54322937907147,True
Utah State University,17289.194444444445,36397.22222222222,2.402874680651747,True
University of Utah,20174.4,41856.666666666664,2.3633485204618014,True
Castleton University,23751.666666666668,35766.666666666664,1.3983061044406409,False
Champlain College,24741.76923076923,34715.38461538462,1.3261969190262612,False
Northern Vermont University,24286.428571428572,30328.571428571428,1.2191091202014053,False
Middlebury College,14732.0,50600.0,3.506589914792477,True
University of Vermont,20718.241379310344,34865.51724137931,1.555680424210478,True
Averett University,27606.0,41100.0,1.5848215867297155,True
Bluefield College,20894.5,40575.0,2.0365010340496563,True
Bridgewater College,24917.333333333332,31350.0,1.1836384320014046,False
College of William and Mary,18273.066666666666,36220.0,1.9274411873286412,True
Regent University,26552.85714285714,31571.428571428572,1.2425334425090957,False
Jefferson College of Health Sciences,26476.5,52150.0,2.025577464788732,True
Emory & Henry College,27099.0,34700.0,1.2851851851851852,False
Eastern Mennonite University,21493.5,46150.0,2.5998886807860595,True
Ferrum College,34170.5,26900.0,0.8817546924147888,False
George Mason University,21428.846153846152,41723.07692307692,2.006978578591093,True
Hampden-Sydney College,24777.0,42900.0,1.588888888888889,True
Hampton University,26386.2,27960.0,1.0282589597683938,False
Hollins University,27529.0,19500.0,0.7222222222222222,False
James Madison University,20178.263157894737,39194.73684210526,1.8900017711196455,True
Liberty University,26884.909090909092,34045.454545454544,1.2651705172739762,False
Longwood University,23374.6,31210.0,1.2765421651869542,False
University of Lynchburg,27852.0,56400.0,1.9964601769911503,True
Mary Baldwin University,26752.0,33050.0,1.2872165921056633,False
University of Mary Washington,20118.733333333334,30686.666666666668,1.4257600530274597,False
Marymount University,25915.555555555555,40688.88888888889,1.6437883871697376,True
Old Dominion University,23914.633333333335,39566.666666666664,1.654422851957252,True
Randolph-Macon College,23617.0,34616.666666666664,1.3216795268763766,False
University of Richmond,20093.0,46310.0,2.150967865163468,True
Roanoke College,24263.0,36600.0,1.3555555555555556,False
Shenandoah University,24550.5,36000.0,1.3954874710343403,False
Southern Virginia University,24820.0,22700.0,0.9458333333333332,False
Sweet Briar College,20727.0,37500.0,1.7857142857142858,True
The University of Virginia's College at Wise,20822.666666666668,37166.666666666664,1.8216084432273736,True
Virginia Polytechnic Institute and State University,22312.134615384617,45075.0,1.8545910528086078,True
Virginia Commonwealth University,23843.74418604651,35581.395348837206,1.4374274402410065,False
University of Virginia-Main Campus,17347.125,50806.25,2.8819456390370877,True
Virginia Military Institute,21050.428571428572,37971.42857142857,1.5583824506336115,True
Virginia State University,30161.75,28787.5,0.9516385493358142,False
Virginia Union University,30999.4,22200.0,0.722351066006139,False
Virginia Wesleyan University,27103.75,26725.0,0.9898148148148149,False
Washington and Lee University,17934.5,52150.0,2.9988452561978987,True
Central Washington University,21459.969696969696,37660.606060606064,1.8174172487821871,True
Eastern Washington University,21927.89285714286,36507.142857142855,1.710277704953708,True
The Evergreen State College,17858.0,21150.0,1.2031180458520936,False
Gonzaga University,21762.4,41990.0,1.7104683035817612,True
Northwest University,23117.0,42760.0,1.8805566972464067,True
Pacific Lutheran University,24055.666666666668,33960.0,1.3427371676585038,False
Saint Martin's University,24221.333333333332,41050.0,1.6224782036861225,True
Seattle Pacific University,23760.0,41450.0,1.6433882614192736,True
Seattle University,21215.772727272728,44286.36363636364,1.8980120702161107,True
Washington State University,20620.625,40665.0,1.9889663492063057,True
University of Washington-Seattle Campus,16144.785714285714,43680.0,2.8662250302036143,True
Western Washington University,19314.926829268294,32575.60975609756,1.6992241731749045,True
Whitman College,15621.333333333334,28833.333333333332,1.7297491555759272,True
Whitworth University,23901.090909090908,39100.0,1.7642264799263836,True
Alderson Broaddus University,27737.0,60700.0,2.248148148148148,True
Appalachian Bible College,15552.0,18100.0,1.2928571428571431,False
University of Charleston,24355.0,48900.0,1.9431802299726828,True
Concord University,21372.4,26740.0,1.286148854991993,False
Fairmont State University,22905.0,35622.22222222222,1.5982093355656446,True
Marshall University,24671.764705882353,29200.0,1.216238187387984,False
Shepherd University,22253.909090909092,33454.545454545456,1.5136552241819188,True
West Virginia State University,24781.714285714286,27414.285714285714,1.2033020923212718,False
West Liberty University,24565.6,29740.0,1.2504719758218754,False
West Virginia University Institute of Technology,23286.866666666665,42940.0,1.7503111975530499,True
West Virginia Wesleyan College,27634.0,53900.0,1.996296296296296,True
West Virginia University,23377.958333333332,38914.583333333336,1.5706607913019042,True
Wheeling Jesuit University,25029.5,44350.0,1.7302962962962964,True
Bellin College,17149.0,55800.0,3.72,True
Cardinal Stritch University,28328.333333333332,43900.0,1.5001401433686972,True
Carroll University,25001.909090909092,37881.818181818184,1.436889873089476,False
Carthage College,26185.266666666666,36233.333333333336,1.3482449788692255,False
Concordia University-Wisconsin,27280.615384615383,39338.46153846154,1.4725142272933849,False
Edgewood College,23086.6,42480.0,1.7172162160846305,True
Lakeland University,26599.166666666668,39216.666666666664,1.5607740171166382,True
Lawrence University,18877.0,23700.0,1.5047619047619047,True
Marquette University,21762.65625,44343.75,1.8634399709330567,True
Milwaukee School of Engineering,27164.0,59911.11111111111,2.1509869498629715,True
Mount Mary University,24403.0,29850.0,1.2129278350515464,False
Ripon College,25641.25,31350.0,1.1784754993019582,False
Saint Norbert College,22650.428571428572,39514.28571428572,1.5840273599770072,True
Viterbo University,26731.0,47350.0,1.8276018265615093,True
University of Wisconsin-Whitewater,23988.60714285714,37792.857142857145,1.5532092311114287,True
University of Wisconsin-Eau Claire,21256.793103448275,38344.8275862069,1.7357377956293858,True
University of Wisconsin-Green Bay,21602.954545454544,34245.454545454544,1.5842449801839817,True
University of Wisconsin-La Crosse,21558.466666666667,37206.666666666664,1.6527929305010691,True
Wisconsin Lutheran College,23758.0,45900.0,1.8038302467183938,True
University of Wisconsin-Oshkosh,23173.375,38018.75,1.6589291174494292,True
University of Wisconsin-Parkside,22929.166666666668,34433.333333333336,1.5958978400185415,True
University of Wisconsin-Stout,22936.823529411766,44805.882352941175,1.8745390209409403,True
University of Wisconsin-Superior,23795.0,35157.142857142855,1.5747583053533183,True
University of Wisconsin-Madison,20272.69230769231,43252.307692307695,2.0176324740756577,True
University of Wisconsin-Milwaukee,25606.86046511628,37416.27906976744,1.4548152631829459,False
University of Wisconsin-Platteville,22623.473684210527,47400.0,1.9719651105003793,True
University of Wisconsin-River Falls,21307.78947368421,35515.78947368421,1.6687529381671584,True
University of Wisconsin-Stevens Point,22333.08695652174,34686.95652173913,1.5014828631974522,True
University of Wyoming,19198.758620689656,36858.620689655174,2.094830798353327,True
University of Puerto Rico-Aguadilla,8029.666666666667,11733.333333333334,1.8837185413456599,True
University of Puerto Rico-Carolina,6716.0,11700.0,1.9497198677677428,True
University of the Virgin Islands,18878.0,23000.0,1.2065890252859093,False
Stanford University,14055.75,64262.5,5.0887959463852575,True
Purdue University-Main Campus,19896.14285714286,49380.95238095238,2.376691872676264,True
New College of Florida,16180.0,20100.0,1.3076572766898706,False
California State University-San Marcos,18943.3,36610.0,2.0303479639243522,True
University of Washington-Bothell Campus,15936.037037037036,45288.88888888889,3.108201456538805,True
University of Washington-Tacoma Campus,16217.185185185184,39611.11111111111,2.596594074497668,True
Watkins College of Art Design & Film,31825.0,26400.0,0.8655737704918033,False
Soka University of America,19474.0,25600.0,1.3128205128205128,False
Arizona State University-West,21478.0,35544.444444444445,1.7565703436157039,True
California State University-Monterey Bay,15402.214285714286,35257.142857142855,2.760886351563674,True
Arizona State University-Polytechnic,23160.277777777777,41961.11111111111,1.8851026908936181,True
Florida Gulf Coast University,20666.928571428572,35839.28571428572,1.7346972744976359,True
Franklin W Olin College of Engineering,15937.0,77700.0,4.951883245172391,True
DigiPen Institute of Technology,30915.5,50250.0,1.861111111111111,True
University of California-Merced,19176.18181818182,33590.90909090909,1.7025656130628315,True
Ave Maria University,20230.25,26675.0,1.2698210050890593,False
University of South Florida-St Petersburg,20195.739130434784,32878.260869565216,1.7423780583041084,True
Arizona State University-Downtown Phoenix,21577.529411764706,39141.17647058824,1.875810872879345,True
University of South Florida-Sarasota-Manatee,20479.70588235294,34258.82352941176,1.8039234557924995,True
The King's College,23388.5,42900.0,1.7799773755656108,True
University of Minnesota-Rochester,21125.0,44400.0,1.9519915589554209,True
John Paul the Great Catholic University,23212.0,22500.0,0.9184048328503204,False
Pennsylvania State University-World Campus,25038.96875,40990.625,1.5671650085673776,True
Augusta University,24570.722222222223,36133.333333333336,1.6420874395652243,True
Middle Georgia State University,26002.2,33160.0,1.4063766116459637,False
University of North Georgia,21468.904761904763,35909.52380952381,1.7889771672913832,True
University of Florida-Online,17731.46153846154,35615.38461538462,2.0321324840304245,True
Kennesaw State University,26202.755555555555,41991.11111111111,1.6682437233730396,True
Milligan College,28302.0,48000.0,1.6842105263157894,True
Husson University,27698.714285714286,34714.28571428572,1.2685588020056322,False
Purdue University Northwest,25622.58823529412,36252.94117647059,1.5231058404274083,True
